"id","exp_grou","STAI_T_demean","IU_demean","stimulus","time","rat","phase"
1,2,0.921900000000001,17.3281,1,1,1,"ACQ"
1,2,0.921900000000001,17.3281,1,2,NA,"ACQ"
1,2,0.921900000000001,17.3281,1,3,9,"ACQ"
1,2,0.921900000000001,17.3281,1,4,32,"ACQ"
1,2,0.921900000000001,17.3281,2,1,0,"ACQ"
1,2,0.921900000000001,17.3281,2,2,0,"ACQ"
1,2,0.921900000000001,17.3281,2,3,1,"ACQ"
1,2,0.921900000000001,17.3281,2,4,8,"ACQ"
2,1,-12.0781,-31.6719,1,1,25,"ACQ"
2,1,-12.0781,-31.6719,1,2,14,"ACQ"
2,1,-12.0781,-31.6719,1,3,48,"ACQ"
2,1,-12.0781,-31.6719,1,4,49,"ACQ"
2,1,-12.0781,-31.6719,2,1,22,"ACQ"
2,1,-12.0781,-31.6719,2,2,23,"ACQ"
2,1,-12.0781,-31.6719,2,3,6,"ACQ"
2,1,-12.0781,-31.6719,2,4,0,"ACQ"
3,2,-1.0781,-24.6719,1,1,0,"ACQ"
3,2,-1.0781,-24.6719,1,2,4,"ACQ"
3,2,-1.0781,-24.6719,1,3,13,"ACQ"
3,2,-1.0781,-24.6719,1,4,26,"ACQ"
3,2,-1.0781,-24.6719,2,1,NA,"ACQ"
3,2,-1.0781,-24.6719,2,2,6,"ACQ"
3,2,-1.0781,-24.6719,2,3,7,"ACQ"
3,2,-1.0781,-24.6719,2,4,18,"ACQ"
4,1,5.9219,-9.67189999999999,1,1,0,"ACQ"
4,1,5.9219,-9.67189999999999,1,2,4,"ACQ"
4,1,5.9219,-9.67189999999999,1,3,0,"ACQ"
4,1,5.9219,-9.67189999999999,1,4,0,"ACQ"
4,1,5.9219,-9.67189999999999,2,1,61,"ACQ"
4,1,5.9219,-9.67189999999999,2,2,50,"ACQ"
4,1,5.9219,-9.67189999999999,2,3,40,"ACQ"
4,1,5.9219,-9.67189999999999,2,4,37,"ACQ"
5,2,-2.0781,-19.6719,1,1,0,"ACQ"
5,2,-2.0781,-19.6719,1,2,0,"ACQ"
5,2,-2.0781,-19.6719,1,3,12,"ACQ"
5,2,-2.0781,-19.6719,1,4,31,"ACQ"
5,2,-2.0781,-19.6719,2,1,0,"ACQ"
5,2,-2.0781,-19.6719,2,2,0,"ACQ"
5,2,-2.0781,-19.6719,2,3,0,"ACQ"
5,2,-2.0781,-19.6719,2,4,0,"ACQ"
6,1,1.9219,4.32810000000001,1,1,NA,"ACQ"
6,1,1.9219,4.32810000000001,1,2,NA,"ACQ"
6,1,1.9219,4.32810000000001,1,3,41,"ACQ"
6,1,1.9219,4.32810000000001,1,4,20,"ACQ"
6,1,1.9219,4.32810000000001,2,1,69,"ACQ"
6,1,1.9219,4.32810000000001,2,2,90,"ACQ"
6,1,1.9219,4.32810000000001,2,3,58,"ACQ"
6,1,1.9219,4.32810000000001,2,4,62,"ACQ"
7,2,-6.0781,2.32810000000001,1,1,0,"ACQ"
7,2,-6.0781,2.32810000000001,1,2,48,"ACQ"
7,2,-6.0781,2.32810000000001,1,3,50,"ACQ"
7,2,-6.0781,2.32810000000001,1,4,69,"ACQ"
7,2,-6.0781,2.32810000000001,2,1,0,"ACQ"
7,2,-6.0781,2.32810000000001,2,2,0,"ACQ"
7,2,-6.0781,2.32810000000001,2,3,54,"ACQ"
7,2,-6.0781,2.32810000000001,2,4,47,"ACQ"
8,1,-2.0781,2.32810000000001,1,1,4,"ACQ"
8,1,-2.0781,2.32810000000001,1,2,43,"ACQ"
8,1,-2.0781,2.32810000000001,1,3,32,"ACQ"
8,1,-2.0781,2.32810000000001,1,4,23,"ACQ"
8,1,-2.0781,2.32810000000001,2,1,10,"ACQ"
8,1,-2.0781,2.32810000000001,2,2,27,"ACQ"
8,1,-2.0781,2.32810000000001,2,3,7,"ACQ"
8,1,-2.0781,2.32810000000001,2,4,4,"ACQ"
9,1,-14.0781,15.3281,1,1,17,"ACQ"
9,1,-14.0781,15.3281,1,2,35,"ACQ"
9,1,-14.0781,15.3281,1,3,23,"ACQ"
9,1,-14.0781,15.3281,1,4,26,"ACQ"
9,1,-14.0781,15.3281,2,1,0,"ACQ"
9,1,-14.0781,15.3281,2,2,0,"ACQ"
9,1,-14.0781,15.3281,2,3,12,"ACQ"
9,1,-14.0781,15.3281,2,4,34,"ACQ"
10,2,-15.0781,-24.6719,1,1,4,"ACQ"
10,2,-15.0781,-24.6719,1,2,NA,"ACQ"
10,2,-15.0781,-24.6719,1,3,46,"ACQ"
10,2,-15.0781,-24.6719,1,4,37,"ACQ"
10,2,-15.0781,-24.6719,2,1,12,"ACQ"
10,2,-15.0781,-24.6719,2,2,15,"ACQ"
10,2,-15.0781,-24.6719,2,3,21,"ACQ"
10,2,-15.0781,-24.6719,2,4,28,"ACQ"
11,2,11.9219,18.3281,1,1,72,"ACQ"
11,2,11.9219,18.3281,1,2,72,"ACQ"
11,2,11.9219,18.3281,1,3,5,"ACQ"
11,2,11.9219,18.3281,1,4,39,"ACQ"
11,2,11.9219,18.3281,2,1,3,"ACQ"
11,2,11.9219,18.3281,2,2,50,"ACQ"
11,2,11.9219,18.3281,2,3,7,"ACQ"
11,2,11.9219,18.3281,2,4,23,"ACQ"
12,2,-3.0781,17.3281,1,1,37,"ACQ"
12,2,-3.0781,17.3281,1,2,78,"ACQ"
12,2,-3.0781,17.3281,1,3,67,"ACQ"
12,2,-3.0781,17.3281,1,4,74,"ACQ"
12,2,-3.0781,17.3281,2,1,NA,"ACQ"
12,2,-3.0781,17.3281,2,2,39,"ACQ"
12,2,-3.0781,17.3281,2,3,50,"ACQ"
12,2,-3.0781,17.3281,2,4,35,"ACQ"
13,2,-1.0781,10.3281,1,1,66,"ACQ"
13,2,-1.0781,10.3281,1,2,48,"ACQ"
13,2,-1.0781,10.3281,1,3,54,"ACQ"
13,2,-1.0781,10.3281,1,4,33,"ACQ"
13,2,-1.0781,10.3281,2,1,39,"ACQ"
13,2,-1.0781,10.3281,2,2,33,"ACQ"
13,2,-1.0781,10.3281,2,3,25,"ACQ"
13,2,-1.0781,10.3281,2,4,22,"ACQ"
14,1,-2.0781,-10.6719,1,1,15,"ACQ"
14,1,-2.0781,-10.6719,1,2,69,"ACQ"
14,1,-2.0781,-10.6719,1,3,96,"ACQ"
14,1,-2.0781,-10.6719,1,4,100,"ACQ"
14,1,-2.0781,-10.6719,2,1,10,"ACQ"
14,1,-2.0781,-10.6719,2,2,61,"ACQ"
14,1,-2.0781,-10.6719,2,3,61,"ACQ"
14,1,-2.0781,-10.6719,2,4,35,"ACQ"
15,2,11.9219,8.32810000000001,1,1,25,"ACQ"
15,2,11.9219,8.32810000000001,1,2,61,"ACQ"
15,2,11.9219,8.32810000000001,1,3,55,"ACQ"
15,2,11.9219,8.32810000000001,1,4,71,"ACQ"
15,2,11.9219,8.32810000000001,2,1,38,"ACQ"
15,2,11.9219,8.32810000000001,2,2,20,"ACQ"
15,2,11.9219,8.32810000000001,2,3,6,"ACQ"
15,2,11.9219,8.32810000000001,2,4,22,"ACQ"
16,1,2.9219,12.3281,1,1,10,"ACQ"
16,1,2.9219,12.3281,1,2,28,"ACQ"
16,1,2.9219,12.3281,1,3,52,"ACQ"
16,1,2.9219,12.3281,1,4,85,"ACQ"
16,1,2.9219,12.3281,2,1,NA,"ACQ"
16,1,2.9219,12.3281,2,2,47,"ACQ"
16,1,2.9219,12.3281,2,3,77,"ACQ"
16,1,2.9219,12.3281,2,4,50,"ACQ"
17,1,-1.0781,18.3281,1,1,27,"ACQ"
17,1,-1.0781,18.3281,1,2,76,"ACQ"
17,1,-1.0781,18.3281,1,3,50,"ACQ"
17,1,-1.0781,18.3281,1,4,58,"ACQ"
17,1,-1.0781,18.3281,2,1,0,"ACQ"
17,1,-1.0781,18.3281,2,2,0,"ACQ"
17,1,-1.0781,18.3281,2,3,3,"ACQ"
17,1,-1.0781,18.3281,2,4,0,"ACQ"
20,1,6.9219,30.3281,1,1,0,"ACQ"
20,1,6.9219,30.3281,1,2,89,"ACQ"
20,1,6.9219,30.3281,1,3,98,"ACQ"
20,1,6.9219,30.3281,1,4,99,"ACQ"
20,1,6.9219,30.3281,2,1,0,"ACQ"
20,1,6.9219,30.3281,2,2,4,"ACQ"
20,1,6.9219,30.3281,2,3,5,"ACQ"
20,1,6.9219,30.3281,2,4,2,"ACQ"
21,2,-8.0781,-10.6719,1,1,0,"ACQ"
21,2,-8.0781,-10.6719,1,2,7,"ACQ"
21,2,-8.0781,-10.6719,1,3,34,"ACQ"
21,2,-8.0781,-10.6719,1,4,41,"ACQ"
21,2,-8.0781,-10.6719,2,1,0,"ACQ"
21,2,-8.0781,-10.6719,2,2,3,"ACQ"
21,2,-8.0781,-10.6719,2,3,22,"ACQ"
21,2,-8.0781,-10.6719,2,4,47,"ACQ"
22,2,-10.0781,-22.6719,1,1,0,"ACQ"
22,2,-10.0781,-22.6719,1,2,57,"ACQ"
22,2,-10.0781,-22.6719,1,3,84,"ACQ"
22,2,-10.0781,-22.6719,1,4,86,"ACQ"
22,2,-10.0781,-22.6719,2,1,2,"ACQ"
22,2,-10.0781,-22.6719,2,2,1,"ACQ"
22,2,-10.0781,-22.6719,2,3,7,"ACQ"
22,2,-10.0781,-22.6719,2,4,0,"ACQ"
23,2,-9.0781,-25.6719,1,1,74,"ACQ"
23,2,-9.0781,-25.6719,1,2,82,"ACQ"
23,2,-9.0781,-25.6719,1,3,78,"ACQ"
23,2,-9.0781,-25.6719,1,4,82,"ACQ"
23,2,-9.0781,-25.6719,2,1,66,"ACQ"
23,2,-9.0781,-25.6719,2,2,10,"ACQ"
23,2,-9.0781,-25.6719,2,3,84,"ACQ"
23,2,-9.0781,-25.6719,2,4,67,"ACQ"
24,1,6.9219,2.32810000000001,1,1,2,"ACQ"
24,1,6.9219,2.32810000000001,1,2,7,"ACQ"
24,1,6.9219,2.32810000000001,1,3,50,"ACQ"
24,1,6.9219,2.32810000000001,1,4,72,"ACQ"
24,1,6.9219,2.32810000000001,2,1,36,"ACQ"
24,1,6.9219,2.32810000000001,2,2,NA,"ACQ"
24,1,6.9219,2.32810000000001,2,3,10,"ACQ"
24,1,6.9219,2.32810000000001,2,4,15,"ACQ"
25,1,-9.0781,-6.67189999999999,1,1,41,"ACQ"
25,1,-9.0781,-6.67189999999999,1,2,41,"ACQ"
25,1,-9.0781,-6.67189999999999,1,3,55,"ACQ"
25,1,-9.0781,-6.67189999999999,1,4,71,"ACQ"
25,1,-9.0781,-6.67189999999999,2,1,12,"ACQ"
25,1,-9.0781,-6.67189999999999,2,2,9,"ACQ"
25,1,-9.0781,-6.67189999999999,2,3,8,"ACQ"
25,1,-9.0781,-6.67189999999999,2,4,15,"ACQ"
26,2,9.9219,19.3281,1,1,32,"ACQ"
26,2,9.9219,19.3281,1,2,57,"ACQ"
26,2,9.9219,19.3281,1,3,66,"ACQ"
26,2,9.9219,19.3281,1,4,48,"ACQ"
26,2,9.9219,19.3281,2,1,39,"ACQ"
26,2,9.9219,19.3281,2,2,22,"ACQ"
26,2,9.9219,19.3281,2,3,3,"ACQ"
26,2,9.9219,19.3281,2,4,0,"ACQ"
27,1,-8.0781,-0.671899999999994,1,1,20,"ACQ"
27,1,-8.0781,-0.671899999999994,1,2,72,"ACQ"
27,1,-8.0781,-0.671899999999994,1,3,71,"ACQ"
27,1,-8.0781,-0.671899999999994,1,4,77,"ACQ"
27,1,-8.0781,-0.671899999999994,2,1,31,"ACQ"
27,1,-8.0781,-0.671899999999994,2,2,24,"ACQ"
27,1,-8.0781,-0.671899999999994,2,3,40,"ACQ"
27,1,-8.0781,-0.671899999999994,2,4,36,"ACQ"
28,1,-0.0780999999999992,12.3281,1,1,0,"ACQ"
28,1,-0.0780999999999992,12.3281,1,2,78,"ACQ"
28,1,-0.0780999999999992,12.3281,1,3,87,"ACQ"
28,1,-0.0780999999999992,12.3281,1,4,95,"ACQ"
28,1,-0.0780999999999992,12.3281,2,1,0,"ACQ"
28,1,-0.0780999999999992,12.3281,2,2,6,"ACQ"
28,1,-0.0780999999999992,12.3281,2,3,15,"ACQ"
28,1,-0.0780999999999992,12.3281,2,4,NA,"ACQ"
29,2,3.9219,-19.6719,1,1,26,"ACQ"
29,2,3.9219,-19.6719,1,2,17,"ACQ"
29,2,3.9219,-19.6719,1,3,2,"ACQ"
29,2,3.9219,-19.6719,1,4,3,"ACQ"
29,2,3.9219,-19.6719,2,1,0,"ACQ"
29,2,3.9219,-19.6719,2,2,11,"ACQ"
29,2,3.9219,-19.6719,2,3,3,"ACQ"
29,2,3.9219,-19.6719,2,4,3,"ACQ"
30,2,-8.0781,-12.6719,1,1,18,"ACQ"
30,2,-8.0781,-12.6719,1,2,69,"ACQ"
30,2,-8.0781,-12.6719,1,3,69,"ACQ"
30,2,-8.0781,-12.6719,1,4,83,"ACQ"
30,2,-8.0781,-12.6719,2,1,NA,"ACQ"
30,2,-8.0781,-12.6719,2,2,26,"ACQ"
30,2,-8.0781,-12.6719,2,3,23,"ACQ"
30,2,-8.0781,-12.6719,2,4,17,"ACQ"
31,1,-9.0781,-11.6719,1,1,NA,"ACQ"
31,1,-9.0781,-11.6719,1,2,44,"ACQ"
31,1,-9.0781,-11.6719,1,3,0,"ACQ"
31,1,-9.0781,-11.6719,1,4,71,"ACQ"
31,1,-9.0781,-11.6719,2,1,15,"ACQ"
31,1,-9.0781,-11.6719,2,2,24,"ACQ"
31,1,-9.0781,-11.6719,2,3,55,"ACQ"
31,1,-9.0781,-11.6719,2,4,8,"ACQ"
32,2,-4.0781,-15.6719,1,1,20,"ACQ"
32,2,-4.0781,-15.6719,1,2,32,"ACQ"
32,2,-4.0781,-15.6719,1,3,62,"ACQ"
32,2,-4.0781,-15.6719,1,4,66,"ACQ"
32,2,-4.0781,-15.6719,2,1,19,"ACQ"
32,2,-4.0781,-15.6719,2,2,44,"ACQ"
32,2,-4.0781,-15.6719,2,3,22,"ACQ"
32,2,-4.0781,-15.6719,2,4,32,"ACQ"
33,1,20.9219,13.3281,1,1,35,"ACQ"
33,1,20.9219,13.3281,1,2,65,"ACQ"
33,1,20.9219,13.3281,1,3,73,"ACQ"
33,1,20.9219,13.3281,1,4,78,"ACQ"
33,1,20.9219,13.3281,2,1,38,"ACQ"
33,1,20.9219,13.3281,2,2,70,"ACQ"
33,1,20.9219,13.3281,2,3,75,"ACQ"
33,1,20.9219,13.3281,2,4,47,"ACQ"
34,1,-12.0781,12.3281,1,1,0,"ACQ"
34,1,-12.0781,12.3281,1,2,25,"ACQ"
34,1,-12.0781,12.3281,1,3,62,"ACQ"
34,1,-12.0781,12.3281,1,4,79,"ACQ"
34,1,-12.0781,12.3281,2,1,2,"ACQ"
34,1,-12.0781,12.3281,2,2,31,"ACQ"
34,1,-12.0781,12.3281,2,3,NA,"ACQ"
34,1,-12.0781,12.3281,2,4,34,"ACQ"
35,1,20.9219,14.3281,1,1,NA,"ACQ"
35,1,20.9219,14.3281,1,2,65,"ACQ"
35,1,20.9219,14.3281,1,3,62,"ACQ"
35,1,20.9219,14.3281,1,4,71,"ACQ"
35,1,20.9219,14.3281,2,1,5,"ACQ"
35,1,20.9219,14.3281,2,2,28,"ACQ"
35,1,20.9219,14.3281,2,3,45,"ACQ"
35,1,20.9219,14.3281,2,4,51,"ACQ"
36,1,8.9219,-1.67189999999999,1,1,3,"ACQ"
36,1,8.9219,-1.67189999999999,1,2,96,"ACQ"
36,1,8.9219,-1.67189999999999,1,3,90,"ACQ"
36,1,8.9219,-1.67189999999999,1,4,97,"ACQ"
36,1,8.9219,-1.67189999999999,2,1,6,"ACQ"
36,1,8.9219,-1.67189999999999,2,2,5,"ACQ"
36,1,8.9219,-1.67189999999999,2,3,53,"ACQ"
36,1,8.9219,-1.67189999999999,2,4,74,"ACQ"
37,2,2.9219,23.3281,1,1,18,"ACQ"
37,2,2.9219,23.3281,1,2,18,"ACQ"
37,2,2.9219,23.3281,1,3,81,"ACQ"
37,2,2.9219,23.3281,1,4,66,"ACQ"
37,2,2.9219,23.3281,2,1,1,"ACQ"
37,2,2.9219,23.3281,2,2,0,"ACQ"
37,2,2.9219,23.3281,2,3,2,"ACQ"
37,2,2.9219,23.3281,2,4,61,"ACQ"
38,2,-3.0781,23.3281,1,1,8,"ACQ"
38,2,-3.0781,23.3281,1,2,14,"ACQ"
38,2,-3.0781,23.3281,1,3,37,"ACQ"
38,2,-3.0781,23.3281,1,4,34,"ACQ"
38,2,-3.0781,23.3281,2,1,8,"ACQ"
38,2,-3.0781,23.3281,2,2,8,"ACQ"
38,2,-3.0781,23.3281,2,3,21,"ACQ"
38,2,-3.0781,23.3281,2,4,37,"ACQ"
39,1,11.9219,-1.67189999999999,1,1,50,"ACQ"
39,1,11.9219,-1.67189999999999,1,2,68,"ACQ"
39,1,11.9219,-1.67189999999999,1,3,82,"ACQ"
39,1,11.9219,-1.67189999999999,1,4,97,"ACQ"
39,1,11.9219,-1.67189999999999,2,1,14,"ACQ"
39,1,11.9219,-1.67189999999999,2,2,41,"ACQ"
39,1,11.9219,-1.67189999999999,2,3,42,"ACQ"
39,1,11.9219,-1.67189999999999,2,4,27,"ACQ"
40,2,0.921900000000001,-14.6719,1,1,8,"ACQ"
40,2,0.921900000000001,-14.6719,1,2,40,"ACQ"
40,2,0.921900000000001,-14.6719,1,3,42,"ACQ"
40,2,0.921900000000001,-14.6719,1,4,51,"ACQ"
40,2,0.921900000000001,-14.6719,2,1,65,"ACQ"
40,2,0.921900000000001,-14.6719,2,2,84,"ACQ"
40,2,0.921900000000001,-14.6719,2,3,68,"ACQ"
40,2,0.921900000000001,-14.6719,2,4,80,"ACQ"
41,2,-5.0781,-16.6719,1,1,0,"ACQ"
41,2,-5.0781,-16.6719,1,2,0,"ACQ"
41,2,-5.0781,-16.6719,1,3,12,"ACQ"
41,2,-5.0781,-16.6719,1,4,16,"ACQ"
41,2,-5.0781,-16.6719,2,1,0,"ACQ"
41,2,-5.0781,-16.6719,2,2,0,"ACQ"
41,2,-5.0781,-16.6719,2,3,0,"ACQ"
41,2,-5.0781,-16.6719,2,4,0,"ACQ"
42,2,3.9219,-5.67189999999999,1,1,1,"ACQ"
42,2,3.9219,-5.67189999999999,1,2,0,"ACQ"
42,2,3.9219,-5.67189999999999,1,3,41,"ACQ"
42,2,3.9219,-5.67189999999999,1,4,22,"ACQ"
42,2,3.9219,-5.67189999999999,2,1,0,"ACQ"
42,2,3.9219,-5.67189999999999,2,2,3,"ACQ"
42,2,3.9219,-5.67189999999999,2,3,12,"ACQ"
42,2,3.9219,-5.67189999999999,2,4,19,"ACQ"
43,1,-8.0781,-14.6719,1,1,17,"ACQ"
43,1,-8.0781,-14.6719,1,2,31,"ACQ"
43,1,-8.0781,-14.6719,1,3,22,"ACQ"
43,1,-8.0781,-14.6719,1,4,32,"ACQ"
43,1,-8.0781,-14.6719,2,1,7,"ACQ"
43,1,-8.0781,-14.6719,2,2,31,"ACQ"
43,1,-8.0781,-14.6719,2,3,18,"ACQ"
43,1,-8.0781,-14.6719,2,4,33,"ACQ"
44,1,-3.0781,-19.6719,1,1,NA,"ACQ"
44,1,-3.0781,-19.6719,1,2,8,"ACQ"
44,1,-3.0781,-19.6719,1,3,67,"ACQ"
44,1,-3.0781,-19.6719,1,4,75,"ACQ"
44,1,-3.0781,-19.6719,2,1,57,"ACQ"
44,1,-3.0781,-19.6719,2,2,42,"ACQ"
44,1,-3.0781,-19.6719,2,3,28,"ACQ"
44,1,-3.0781,-19.6719,2,4,24,"ACQ"
45,2,-0.0780999999999992,4.32810000000001,1,1,NA,"ACQ"
45,2,-0.0780999999999992,4.32810000000001,1,2,40,"ACQ"
45,2,-0.0780999999999992,4.32810000000001,1,3,25,"ACQ"
45,2,-0.0780999999999992,4.32810000000001,1,4,33,"ACQ"
45,2,-0.0780999999999992,4.32810000000001,2,1,24,"ACQ"
45,2,-0.0780999999999992,4.32810000000001,2,2,22,"ACQ"
45,2,-0.0780999999999992,4.32810000000001,2,3,27,"ACQ"
45,2,-0.0780999999999992,4.32810000000001,2,4,24,"ACQ"
46,1,6.9219,3.32810000000001,1,1,48,"ACQ"
46,1,6.9219,3.32810000000001,1,2,83,"ACQ"
46,1,6.9219,3.32810000000001,1,3,91,"ACQ"
46,1,6.9219,3.32810000000001,1,4,74,"ACQ"
46,1,6.9219,3.32810000000001,2,1,57,"ACQ"
46,1,6.9219,3.32810000000001,2,2,62,"ACQ"
46,1,6.9219,3.32810000000001,2,3,41,"ACQ"
46,1,6.9219,3.32810000000001,2,4,26,"ACQ"
47,1,2.9219,-15.6719,1,1,17,"ACQ"
47,1,2.9219,-15.6719,1,2,49,"ACQ"
47,1,2.9219,-15.6719,1,3,35,"ACQ"
47,1,2.9219,-15.6719,1,4,31,"ACQ"
47,1,2.9219,-15.6719,2,1,11,"ACQ"
47,1,2.9219,-15.6719,2,2,38,"ACQ"
47,1,2.9219,-15.6719,2,3,29,"ACQ"
47,1,2.9219,-15.6719,2,4,15,"ACQ"
48,1,9.9219,4.32810000000001,1,1,22,"ACQ"
48,1,9.9219,4.32810000000001,1,2,36,"ACQ"
48,1,9.9219,4.32810000000001,1,3,20,"ACQ"
48,1,9.9219,4.32810000000001,1,4,59,"ACQ"
48,1,9.9219,4.32810000000001,2,1,40,"ACQ"
48,1,9.9219,4.32810000000001,2,2,37,"ACQ"
48,1,9.9219,4.32810000000001,2,3,17,"ACQ"
48,1,9.9219,4.32810000000001,2,4,55,"ACQ"
49,1,10.9219,14.3281,1,1,38,"ACQ"
49,1,10.9219,14.3281,1,2,75,"ACQ"
49,1,10.9219,14.3281,1,3,70,"ACQ"
49,1,10.9219,14.3281,1,4,52,"ACQ"
49,1,10.9219,14.3281,2,1,66,"ACQ"
49,1,10.9219,14.3281,2,2,76,"ACQ"
49,1,10.9219,14.3281,2,3,21,"ACQ"
49,1,10.9219,14.3281,2,4,25,"ACQ"
50,2,-9.0781,-2.67189999999999,1,1,4,"ACQ"
50,2,-9.0781,-2.67189999999999,1,2,25,"ACQ"
50,2,-9.0781,-2.67189999999999,1,3,67,"ACQ"
50,2,-9.0781,-2.67189999999999,1,4,56,"ACQ"
50,2,-9.0781,-2.67189999999999,2,1,49,"ACQ"
50,2,-9.0781,-2.67189999999999,2,2,43,"ACQ"
50,2,-9.0781,-2.67189999999999,2,3,35,"ACQ"
50,2,-9.0781,-2.67189999999999,2,4,45,"ACQ"
51,2,-1.0781,-14.6719,1,1,0,"ACQ"
51,2,-1.0781,-14.6719,1,2,85,"ACQ"
51,2,-1.0781,-14.6719,1,3,88,"ACQ"
51,2,-1.0781,-14.6719,1,4,94,"ACQ"
51,2,-1.0781,-14.6719,2,1,0,"ACQ"
51,2,-1.0781,-14.6719,2,2,0,"ACQ"
51,2,-1.0781,-14.6719,2,3,1,"ACQ"
51,2,-1.0781,-14.6719,2,4,11,"ACQ"
52,2,-12.0781,-10.6719,1,1,6,"ACQ"
52,2,-12.0781,-10.6719,1,2,17,"ACQ"
52,2,-12.0781,-10.6719,1,3,80,"ACQ"
52,2,-12.0781,-10.6719,1,4,67,"ACQ"
52,2,-12.0781,-10.6719,2,1,16,"ACQ"
52,2,-12.0781,-10.6719,2,2,27,"ACQ"
52,2,-12.0781,-10.6719,2,3,25,"ACQ"
52,2,-12.0781,-10.6719,2,4,19,"ACQ"
53,2,-9.0781,-2.67189999999999,1,1,0,"ACQ"
53,2,-9.0781,-2.67189999999999,1,2,36,"ACQ"
53,2,-9.0781,-2.67189999999999,1,3,78,"ACQ"
53,2,-9.0781,-2.67189999999999,1,4,51,"ACQ"
53,2,-9.0781,-2.67189999999999,2,1,0,"ACQ"
53,2,-9.0781,-2.67189999999999,2,2,9,"ACQ"
53,2,-9.0781,-2.67189999999999,2,3,17,"ACQ"
53,2,-9.0781,-2.67189999999999,2,4,8,"ACQ"
54,1,19.9219,8.32810000000001,1,1,0,"ACQ"
54,1,19.9219,8.32810000000001,1,2,5,"ACQ"
54,1,19.9219,8.32810000000001,1,3,58,"ACQ"
54,1,19.9219,8.32810000000001,1,4,45,"ACQ"
54,1,19.9219,8.32810000000001,2,1,0,"ACQ"
54,1,19.9219,8.32810000000001,2,2,8,"ACQ"
54,1,19.9219,8.32810000000001,2,3,36,"ACQ"
54,1,19.9219,8.32810000000001,2,4,19,"ACQ"
55,2,-1.0781,-4.67189999999999,1,1,6,"ACQ"
55,2,-1.0781,-4.67189999999999,1,2,12,"ACQ"
55,2,-1.0781,-4.67189999999999,1,3,12,"ACQ"
55,2,-1.0781,-4.67189999999999,1,4,32,"ACQ"
55,2,-1.0781,-4.67189999999999,2,1,0,"ACQ"
55,2,-1.0781,-4.67189999999999,2,2,NA,"ACQ"
55,2,-1.0781,-4.67189999999999,2,3,0,"ACQ"
55,2,-1.0781,-4.67189999999999,2,4,2,"ACQ"
56,2,33.9219,44.3281,1,1,30,"ACQ"
56,2,33.9219,44.3281,1,2,41,"ACQ"
56,2,33.9219,44.3281,1,3,25,"ACQ"
56,2,33.9219,44.3281,1,4,49,"ACQ"
56,2,33.9219,44.3281,2,1,34,"ACQ"
56,2,33.9219,44.3281,2,2,36,"ACQ"
56,2,33.9219,44.3281,2,3,60,"ACQ"
56,2,33.9219,44.3281,2,4,58,"ACQ"
57,1,-10.0781,-23.6719,1,1,19,"ACQ"
57,1,-10.0781,-23.6719,1,2,0,"ACQ"
57,1,-10.0781,-23.6719,1,3,NA,"ACQ"
57,1,-10.0781,-23.6719,1,4,6,"ACQ"
57,1,-10.0781,-23.6719,2,1,8,"ACQ"
57,1,-10.0781,-23.6719,2,2,0,"ACQ"
57,1,-10.0781,-23.6719,2,3,15,"ACQ"
57,1,-10.0781,-23.6719,2,4,2,"ACQ"
58,1,12.9219,34.3281,1,1,NA,"ACQ"
58,1,12.9219,34.3281,1,2,59,"ACQ"
58,1,12.9219,34.3281,1,3,77,"ACQ"
58,1,12.9219,34.3281,1,4,81,"ACQ"
58,1,12.9219,34.3281,2,1,25,"ACQ"
58,1,12.9219,34.3281,2,2,47,"ACQ"
58,1,12.9219,34.3281,2,3,32,"ACQ"
58,1,12.9219,34.3281,2,4,52,"ACQ"
59,1,-15.0781,-14.6719,1,1,0,"ACQ"
59,1,-15.0781,-14.6719,1,2,9,"ACQ"
59,1,-15.0781,-14.6719,1,3,16,"ACQ"
59,1,-15.0781,-14.6719,1,4,0,"ACQ"
59,1,-15.0781,-14.6719,2,1,0,"ACQ"
59,1,-15.0781,-14.6719,2,2,2,"ACQ"
59,1,-15.0781,-14.6719,2,3,0,"ACQ"
59,1,-15.0781,-14.6719,2,4,0,"ACQ"
60,2,-6.0781,0.328100000000006,1,1,1,"ACQ"
60,2,-6.0781,0.328100000000006,1,2,3,"ACQ"
60,2,-6.0781,0.328100000000006,1,3,0,"ACQ"
60,2,-6.0781,0.328100000000006,1,4,47,"ACQ"
60,2,-6.0781,0.328100000000006,2,1,13,"ACQ"
60,2,-6.0781,0.328100000000006,2,2,11,"ACQ"
60,2,-6.0781,0.328100000000006,2,3,1,"ACQ"
60,2,-6.0781,0.328100000000006,2,4,53,"ACQ"
61,2,-6.0781,4.32810000000001,1,1,0,"ACQ"
61,2,-6.0781,4.32810000000001,1,2,4,"ACQ"
61,2,-6.0781,4.32810000000001,1,3,14,"ACQ"
61,2,-6.0781,4.32810000000001,1,4,19,"ACQ"
61,2,-6.0781,4.32810000000001,2,1,0,"ACQ"
61,2,-6.0781,4.32810000000001,2,2,11,"ACQ"
61,2,-6.0781,4.32810000000001,2,3,0,"ACQ"
61,2,-6.0781,4.32810000000001,2,4,2,"ACQ"
62,1,8.9219,5.32810000000001,1,1,53,"ACQ"
62,1,8.9219,5.32810000000001,1,2,63,"ACQ"
62,1,8.9219,5.32810000000001,1,3,62,"ACQ"
62,1,8.9219,5.32810000000001,1,4,80,"ACQ"
62,1,8.9219,5.32810000000001,2,1,NA,"ACQ"
62,1,8.9219,5.32810000000001,2,2,38,"ACQ"
62,1,8.9219,5.32810000000001,2,3,47,"ACQ"
62,1,8.9219,5.32810000000001,2,4,61,"ACQ"
63,2,0.921900000000001,38.3281,1,1,19,"ACQ"
63,2,0.921900000000001,38.3281,1,2,78,"ACQ"
63,2,0.921900000000001,38.3281,1,3,87,"ACQ"
63,2,0.921900000000001,38.3281,1,4,98,"ACQ"
63,2,0.921900000000001,38.3281,2,1,14,"ACQ"
63,2,0.921900000000001,38.3281,2,2,48,"ACQ"
63,2,0.921900000000001,38.3281,2,3,55,"ACQ"
63,2,0.921900000000001,38.3281,2,4,39,"ACQ"
64,1,-5.0781,0.328100000000006,1,1,0,"ACQ"
64,1,-5.0781,0.328100000000006,1,2,0,"ACQ"
64,1,-5.0781,0.328100000000006,1,3,0,"ACQ"
64,1,-5.0781,0.328100000000006,1,4,4,"ACQ"
64,1,-5.0781,0.328100000000006,2,1,0,"ACQ"
64,1,-5.0781,0.328100000000006,2,2,0,"ACQ"
64,1,-5.0781,0.328100000000006,2,3,0,"ACQ"
64,1,-5.0781,0.328100000000006,2,4,0,"ACQ"
65,1,-3.0781,-21.6719,1,1,48,"ACQ"
65,1,-3.0781,-21.6719,1,2,37,"ACQ"
65,1,-3.0781,-21.6719,1,3,17,"ACQ"
65,1,-3.0781,-21.6719,1,4,19,"ACQ"
65,1,-3.0781,-21.6719,2,1,30,"ACQ"
65,1,-3.0781,-21.6719,2,2,33,"ACQ"
65,1,-3.0781,-21.6719,2,3,17,"ACQ"
65,1,-3.0781,-21.6719,2,4,23,"ACQ"
66,2,-6.0781,-6.67189999999999,1,1,NA,"ACQ"
66,2,-6.0781,-6.67189999999999,1,2,28,"ACQ"
66,2,-6.0781,-6.67189999999999,1,3,62,"ACQ"
66,2,-6.0781,-6.67189999999999,1,4,74,"ACQ"
66,2,-6.0781,-6.67189999999999,2,1,79,"ACQ"
66,2,-6.0781,-6.67189999999999,2,2,21,"ACQ"
66,2,-6.0781,-6.67189999999999,2,3,15,"ACQ"
66,2,-6.0781,-6.67189999999999,2,4,46,"ACQ"
1,2,0.921900000000001,17.3281,1,1,1,"EX"
1,2,0.921900000000001,17.3281,1,2,6,"EX"
1,2,0.921900000000001,17.3281,1,3,4,"EX"
1,2,0.921900000000001,17.3281,1,4,0,"EX"
1,2,0.921900000000001,17.3281,2,1,4,"EX"
1,2,0.921900000000001,17.3281,2,2,0,"EX"
1,2,0.921900000000001,17.3281,2,3,0,"EX"
1,2,0.921900000000001,17.3281,2,4,1,"EX"
2,1,-12.0781,-31.6719,1,1,9,"EX"
2,1,-12.0781,-31.6719,1,2,7,"EX"
2,1,-12.0781,-31.6719,1,3,2,"EX"
2,1,-12.0781,-31.6719,1,4,4,"EX"
2,1,-12.0781,-31.6719,2,1,40,"EX"
2,1,-12.0781,-31.6719,2,2,54,"EX"
2,1,-12.0781,-31.6719,2,3,59,"EX"
2,1,-12.0781,-31.6719,2,4,50,"EX"
3,2,-1.0781,-24.6719,1,1,0,"EX"
3,2,-1.0781,-24.6719,1,2,0,"EX"
3,2,-1.0781,-24.6719,1,3,0,"EX"
3,2,-1.0781,-24.6719,1,4,0,"EX"
3,2,-1.0781,-24.6719,2,1,0,"EX"
3,2,-1.0781,-24.6719,2,2,0,"EX"
3,2,-1.0781,-24.6719,2,3,0,"EX"
3,2,-1.0781,-24.6719,2,4,0,"EX"
4,1,5.9219,-9.67189999999999,1,1,0,"EX"
4,1,5.9219,-9.67189999999999,1,2,0,"EX"
4,1,5.9219,-9.67189999999999,1,3,0,"EX"
4,1,5.9219,-9.67189999999999,1,4,0,"EX"
4,1,5.9219,-9.67189999999999,2,1,38,"EX"
4,1,5.9219,-9.67189999999999,2,2,42,"EX"
4,1,5.9219,-9.67189999999999,2,3,26,"EX"
4,1,5.9219,-9.67189999999999,2,4,18,"EX"
5,2,-2.0781,-19.6719,1,1,23,"EX"
5,2,-2.0781,-19.6719,1,2,19,"EX"
5,2,-2.0781,-19.6719,1,3,46,"EX"
5,2,-2.0781,-19.6719,1,4,50,"EX"
5,2,-2.0781,-19.6719,2,1,0,"EX"
5,2,-2.0781,-19.6719,2,2,0,"EX"
5,2,-2.0781,-19.6719,2,3,31,"EX"
5,2,-2.0781,-19.6719,2,4,22,"EX"
6,1,1.9219,4.32810000000001,1,1,64,"EX"
6,1,1.9219,4.32810000000001,1,2,43,"EX"
6,1,1.9219,4.32810000000001,1,3,33,"EX"
6,1,1.9219,4.32810000000001,1,4,26,"EX"
6,1,1.9219,4.32810000000001,2,1,81,"EX"
6,1,1.9219,4.32810000000001,2,2,50,"EX"
6,1,1.9219,4.32810000000001,2,3,36,"EX"
6,1,1.9219,4.32810000000001,2,4,23,"EX"
7,2,-6.0781,2.32810000000001,1,1,0,"EX"
7,2,-6.0781,2.32810000000001,1,2,0,"EX"
7,2,-6.0781,2.32810000000001,1,3,0,"EX"
7,2,-6.0781,2.32810000000001,1,4,0,"EX"
7,2,-6.0781,2.32810000000001,2,1,0,"EX"
7,2,-6.0781,2.32810000000001,2,2,0,"EX"
7,2,-6.0781,2.32810000000001,2,3,0,"EX"
7,2,-6.0781,2.32810000000001,2,4,0,"EX"
8,1,-2.0781,2.32810000000001,1,1,33,"EX"
8,1,-2.0781,2.32810000000001,1,2,29,"EX"
8,1,-2.0781,2.32810000000001,1,3,27,"EX"
8,1,-2.0781,2.32810000000001,1,4,17,"EX"
8,1,-2.0781,2.32810000000001,2,1,38,"EX"
8,1,-2.0781,2.32810000000001,2,2,27,"EX"
8,1,-2.0781,2.32810000000001,2,3,21,"EX"
8,1,-2.0781,2.32810000000001,2,4,9,"EX"
9,1,-14.0781,15.3281,1,1,4,"EX"
9,1,-14.0781,15.3281,1,2,0,"EX"
9,1,-14.0781,15.3281,1,3,0,"EX"
9,1,-14.0781,15.3281,1,4,0,"EX"
9,1,-14.0781,15.3281,2,1,0,"EX"
9,1,-14.0781,15.3281,2,2,0,"EX"
9,1,-14.0781,15.3281,2,3,0,"EX"
9,1,-14.0781,15.3281,2,4,1,"EX"
10,2,-15.0781,-24.6719,1,1,28,"EX"
10,2,-15.0781,-24.6719,1,2,NA,"EX"
10,2,-15.0781,-24.6719,1,3,57,"EX"
10,2,-15.0781,-24.6719,1,4,47,"EX"
10,2,-15.0781,-24.6719,2,1,24,"EX"
10,2,-15.0781,-24.6719,2,2,42,"EX"
10,2,-15.0781,-24.6719,2,3,39,"EX"
10,2,-15.0781,-24.6719,2,4,53,"EX"
11,2,11.9219,18.3281,1,1,80,"EX"
11,2,11.9219,18.3281,1,2,48,"EX"
11,2,11.9219,18.3281,1,3,24,"EX"
11,2,11.9219,18.3281,1,4,37,"EX"
11,2,11.9219,18.3281,2,1,11,"EX"
11,2,11.9219,18.3281,2,2,48,"EX"
11,2,11.9219,18.3281,2,3,24,"EX"
11,2,11.9219,18.3281,2,4,36,"EX"
12,2,-3.0781,17.3281,1,1,61,"EX"
12,2,-3.0781,17.3281,1,2,63,"EX"
12,2,-3.0781,17.3281,1,3,56,"EX"
12,2,-3.0781,17.3281,1,4,55,"EX"
12,2,-3.0781,17.3281,2,1,52,"EX"
12,2,-3.0781,17.3281,2,2,47,"EX"
12,2,-3.0781,17.3281,2,3,56,"EX"
12,2,-3.0781,17.3281,2,4,69,"EX"
13,2,-1.0781,10.3281,1,1,67,"EX"
13,2,-1.0781,10.3281,1,2,56,"EX"
13,2,-1.0781,10.3281,1,3,43,"EX"
13,2,-1.0781,10.3281,1,4,33,"EX"
13,2,-1.0781,10.3281,2,1,51,"EX"
13,2,-1.0781,10.3281,2,2,26,"EX"
13,2,-1.0781,10.3281,2,3,29,"EX"
13,2,-1.0781,10.3281,2,4,22,"EX"
14,1,-2.0781,-10.6719,1,1,69,"EX"
14,1,-2.0781,-10.6719,1,2,57,"EX"
14,1,-2.0781,-10.6719,1,3,26,"EX"
14,1,-2.0781,-10.6719,1,4,9,"EX"
14,1,-2.0781,-10.6719,2,1,29,"EX"
14,1,-2.0781,-10.6719,2,2,22,"EX"
14,1,-2.0781,-10.6719,2,3,3,"EX"
14,1,-2.0781,-10.6719,2,4,0,"EX"
15,2,11.9219,8.32810000000001,1,1,31,"EX"
15,2,11.9219,8.32810000000001,1,2,26,"EX"
15,2,11.9219,8.32810000000001,1,3,19,"EX"
15,2,11.9219,8.32810000000001,1,4,9,"EX"
15,2,11.9219,8.32810000000001,2,1,38,"EX"
15,2,11.9219,8.32810000000001,2,2,7,"EX"
15,2,11.9219,8.32810000000001,2,3,6,"EX"
15,2,11.9219,8.32810000000001,2,4,0,"EX"
16,1,2.9219,12.3281,1,1,16,"EX"
16,1,2.9219,12.3281,1,2,28,"EX"
16,1,2.9219,12.3281,1,3,25,"EX"
16,1,2.9219,12.3281,1,4,51,"EX"
16,1,2.9219,12.3281,2,1,19,"EX"
16,1,2.9219,12.3281,2,2,22,"EX"
16,1,2.9219,12.3281,2,3,31,"EX"
16,1,2.9219,12.3281,2,4,59,"EX"
17,1,-1.0781,18.3281,1,1,26,"EX"
17,1,-1.0781,18.3281,1,2,19,"EX"
17,1,-1.0781,18.3281,1,3,18,"EX"
17,1,-1.0781,18.3281,1,4,19,"EX"
17,1,-1.0781,18.3281,2,1,0,"EX"
17,1,-1.0781,18.3281,2,2,0,"EX"
17,1,-1.0781,18.3281,2,3,0,"EX"
17,1,-1.0781,18.3281,2,4,0,"EX"
20,1,6.9219,30.3281,1,1,96,"EX"
20,1,6.9219,30.3281,1,2,62,"EX"
20,1,6.9219,30.3281,1,3,43,"EX"
20,1,6.9219,30.3281,1,4,27,"EX"
20,1,6.9219,30.3281,2,1,9,"EX"
20,1,6.9219,30.3281,2,2,5,"EX"
20,1,6.9219,30.3281,2,3,8,"EX"
20,1,6.9219,30.3281,2,4,9,"EX"
21,2,-8.0781,-10.6719,1,1,52,"EX"
21,2,-8.0781,-10.6719,1,2,50,"EX"
21,2,-8.0781,-10.6719,1,3,51,"EX"
21,2,-8.0781,-10.6719,1,4,51,"EX"
21,2,-8.0781,-10.6719,2,1,47,"EX"
21,2,-8.0781,-10.6719,2,2,68,"EX"
21,2,-8.0781,-10.6719,2,3,63,"EX"
21,2,-8.0781,-10.6719,2,4,57,"EX"
22,2,-10.0781,-22.6719,1,1,88,"EX"
22,2,-10.0781,-22.6719,1,2,67,"EX"
22,2,-10.0781,-22.6719,1,3,41,"EX"
22,2,-10.0781,-22.6719,1,4,23,"EX"
22,2,-10.0781,-22.6719,2,1,3,"EX"
22,2,-10.0781,-22.6719,2,2,29,"EX"
22,2,-10.0781,-22.6719,2,3,8,"EX"
22,2,-10.0781,-22.6719,2,4,3,"EX"
23,2,-9.0781,-25.6719,1,1,94,"EX"
23,2,-9.0781,-25.6719,1,2,91,"EX"
23,2,-9.0781,-25.6719,1,3,91,"EX"
23,2,-9.0781,-25.6719,1,4,66,"EX"
23,2,-9.0781,-25.6719,2,1,97,"EX"
23,2,-9.0781,-25.6719,2,2,92,"EX"
23,2,-9.0781,-25.6719,2,3,89,"EX"
23,2,-9.0781,-25.6719,2,4,79,"EX"
24,1,6.9219,2.32810000000001,1,1,31,"EX"
24,1,6.9219,2.32810000000001,1,2,15,"EX"
24,1,6.9219,2.32810000000001,1,3,17,"EX"
24,1,6.9219,2.32810000000001,1,4,5,"EX"
24,1,6.9219,2.32810000000001,2,1,36,"EX"
24,1,6.9219,2.32810000000001,2,2,3,"EX"
24,1,6.9219,2.32810000000001,2,3,17,"EX"
24,1,6.9219,2.32810000000001,2,4,3,"EX"
25,1,-9.0781,-6.67189999999999,1,1,60,"EX"
25,1,-9.0781,-6.67189999999999,1,2,44,"EX"
25,1,-9.0781,-6.67189999999999,1,3,17,"EX"
25,1,-9.0781,-6.67189999999999,1,4,17,"EX"
25,1,-9.0781,-6.67189999999999,2,1,44,"EX"
25,1,-9.0781,-6.67189999999999,2,2,24,"EX"
25,1,-9.0781,-6.67189999999999,2,3,17,"EX"
25,1,-9.0781,-6.67189999999999,2,4,14,"EX"
26,2,9.9219,19.3281,1,1,75,"EX"
26,2,9.9219,19.3281,1,2,62,"EX"
26,2,9.9219,19.3281,1,3,21,"EX"
26,2,9.9219,19.3281,1,4,6,"EX"
26,2,9.9219,19.3281,2,1,9,"EX"
26,2,9.9219,19.3281,2,2,9,"EX"
26,2,9.9219,19.3281,2,3,2,"EX"
26,2,9.9219,19.3281,2,4,0,"EX"
27,1,-8.0781,-0.671899999999994,1,1,41,"EX"
27,1,-8.0781,-0.671899999999994,1,2,38,"EX"
27,1,-8.0781,-0.671899999999994,1,3,33,"EX"
27,1,-8.0781,-0.671899999999994,1,4,59,"EX"
27,1,-8.0781,-0.671899999999994,2,1,25,"EX"
27,1,-8.0781,-0.671899999999994,2,2,41,"EX"
27,1,-8.0781,-0.671899999999994,2,3,31,"EX"
27,1,-8.0781,-0.671899999999994,2,4,50,"EX"
28,1,-0.0780999999999992,12.3281,1,1,78,"EX"
28,1,-0.0780999999999992,12.3281,1,2,56,"EX"
28,1,-0.0780999999999992,12.3281,1,3,52,"EX"
28,1,-0.0780999999999992,12.3281,1,4,26,"EX"
28,1,-0.0780999999999992,12.3281,2,1,32,"EX"
28,1,-0.0780999999999992,12.3281,2,2,29,"EX"
28,1,-0.0780999999999992,12.3281,2,3,17,"EX"
28,1,-0.0780999999999992,12.3281,2,4,9,"EX"
29,2,3.9219,-19.6719,1,1,35,"EX"
29,2,3.9219,-19.6719,1,2,0,"EX"
29,2,3.9219,-19.6719,1,3,0,"EX"
29,2,3.9219,-19.6719,1,4,0,"EX"
29,2,3.9219,-19.6719,2,1,0,"EX"
29,2,3.9219,-19.6719,2,2,0,"EX"
29,2,3.9219,-19.6719,2,3,0,"EX"
29,2,3.9219,-19.6719,2,4,0,"EX"
30,2,-8.0781,-12.6719,1,1,18,"EX"
30,2,-8.0781,-12.6719,1,2,18,"EX"
30,2,-8.0781,-12.6719,1,3,13,"EX"
30,2,-8.0781,-12.6719,1,4,9,"EX"
30,2,-8.0781,-12.6719,2,1,28,"EX"
30,2,-8.0781,-12.6719,2,2,37,"EX"
30,2,-8.0781,-12.6719,2,3,37,"EX"
30,2,-8.0781,-12.6719,2,4,18,"EX"
31,1,-9.0781,-11.6719,1,1,35,"EX"
31,1,-9.0781,-11.6719,1,2,41,"EX"
31,1,-9.0781,-11.6719,1,3,40,"EX"
31,1,-9.0781,-11.6719,1,4,35,"EX"
31,1,-9.0781,-11.6719,2,1,38,"EX"
31,1,-9.0781,-11.6719,2,2,40,"EX"
31,1,-9.0781,-11.6719,2,3,38,"EX"
31,1,-9.0781,-11.6719,2,4,40,"EX"
32,2,-4.0781,-15.6719,1,1,21,"EX"
32,2,-4.0781,-15.6719,1,2,21,"EX"
32,2,-4.0781,-15.6719,1,3,63,"EX"
32,2,-4.0781,-15.6719,1,4,44,"EX"
32,2,-4.0781,-15.6719,2,1,50,"EX"
32,2,-4.0781,-15.6719,2,2,44,"EX"
32,2,-4.0781,-15.6719,2,3,22,"EX"
32,2,-4.0781,-15.6719,2,4,40,"EX"
33,1,20.9219,13.3281,1,1,92,"EX"
33,1,20.9219,13.3281,1,2,82,"EX"
33,1,20.9219,13.3281,1,3,79,"EX"
33,1,20.9219,13.3281,1,4,56,"EX"
33,1,20.9219,13.3281,2,1,60,"EX"
33,1,20.9219,13.3281,2,2,57,"EX"
33,1,20.9219,13.3281,2,3,35,"EX"
33,1,20.9219,13.3281,2,4,37,"EX"
34,1,-12.0781,12.3281,1,1,40,"EX"
34,1,-12.0781,12.3281,1,2,44,"EX"
34,1,-12.0781,12.3281,1,3,46,"EX"
34,1,-12.0781,12.3281,1,4,15,"EX"
34,1,-12.0781,12.3281,2,1,40,"EX"
34,1,-12.0781,12.3281,2,2,41,"EX"
34,1,-12.0781,12.3281,2,3,28,"EX"
34,1,-12.0781,12.3281,2,4,35,"EX"
35,1,20.9219,14.3281,1,1,NA,"EX"
35,1,20.9219,14.3281,1,2,89,"EX"
35,1,20.9219,14.3281,1,3,50,"EX"
35,1,20.9219,14.3281,1,4,29,"EX"
35,1,20.9219,14.3281,2,1,90,"EX"
35,1,20.9219,14.3281,2,2,71,"EX"
35,1,20.9219,14.3281,2,3,41,"EX"
35,1,20.9219,14.3281,2,4,24,"EX"
36,1,8.9219,-1.67189999999999,1,1,53,"EX"
36,1,8.9219,-1.67189999999999,1,2,64,"EX"
36,1,8.9219,-1.67189999999999,1,3,5,"EX"
36,1,8.9219,-1.67189999999999,1,4,37,"EX"
36,1,8.9219,-1.67189999999999,2,1,34,"EX"
36,1,8.9219,-1.67189999999999,2,2,17,"EX"
36,1,8.9219,-1.67189999999999,2,3,3,"EX"
36,1,8.9219,-1.67189999999999,2,4,29,"EX"
37,2,2.9219,23.3281,1,1,81,"EX"
37,2,2.9219,23.3281,1,2,74,"EX"
37,2,2.9219,23.3281,1,3,69,"EX"
37,2,2.9219,23.3281,1,4,35,"EX"
37,2,2.9219,23.3281,2,1,83,"EX"
37,2,2.9219,23.3281,2,2,72,"EX"
37,2,2.9219,23.3281,2,3,75,"EX"
37,2,2.9219,23.3281,2,4,42,"EX"
38,2,-3.0781,23.3281,1,1,27,"EX"
38,2,-3.0781,23.3281,1,2,29,"EX"
38,2,-3.0781,23.3281,1,3,27,"EX"
38,2,-3.0781,23.3281,1,4,26,"EX"
38,2,-3.0781,23.3281,2,1,41,"EX"
38,2,-3.0781,23.3281,2,2,32,"EX"
38,2,-3.0781,23.3281,2,3,38,"EX"
38,2,-3.0781,23.3281,2,4,25,"EX"
39,1,11.9219,-1.67189999999999,1,1,83,"EX"
39,1,11.9219,-1.67189999999999,1,2,78,"EX"
39,1,11.9219,-1.67189999999999,1,3,77,"EX"
39,1,11.9219,-1.67189999999999,1,4,67,"EX"
39,1,11.9219,-1.67189999999999,2,1,72,"EX"
39,1,11.9219,-1.67189999999999,2,2,81,"EX"
39,1,11.9219,-1.67189999999999,2,3,78,"EX"
39,1,11.9219,-1.67189999999999,2,4,65,"EX"
40,2,0.921900000000001,-14.6719,1,1,5,"EX"
40,2,0.921900000000001,-14.6719,1,2,14,"EX"
40,2,0.921900000000001,-14.6719,1,3,31,"EX"
40,2,0.921900000000001,-14.6719,1,4,40,"EX"
40,2,0.921900000000001,-14.6719,2,1,74,"EX"
40,2,0.921900000000001,-14.6719,2,2,50,"EX"
40,2,0.921900000000001,-14.6719,2,3,61,"EX"
40,2,0.921900000000001,-14.6719,2,4,78,"EX"
41,2,-5.0781,-16.6719,1,1,13,"EX"
41,2,-5.0781,-16.6719,1,2,6,"EX"
41,2,-5.0781,-16.6719,1,3,0,"EX"
41,2,-5.0781,-16.6719,1,4,0,"EX"
41,2,-5.0781,-16.6719,2,1,9,"EX"
41,2,-5.0781,-16.6719,2,2,3,"EX"
41,2,-5.0781,-16.6719,2,3,4,"EX"
41,2,-5.0781,-16.6719,2,4,0,"EX"
42,2,3.9219,-5.67189999999999,1,1,5,"EX"
42,2,3.9219,-5.67189999999999,1,2,3,"EX"
42,2,3.9219,-5.67189999999999,1,3,8,"EX"
42,2,3.9219,-5.67189999999999,1,4,8,"EX"
42,2,3.9219,-5.67189999999999,2,1,2,"EX"
42,2,3.9219,-5.67189999999999,2,2,1,"EX"
42,2,3.9219,-5.67189999999999,2,3,6,"EX"
42,2,3.9219,-5.67189999999999,2,4,7,"EX"
43,1,-8.0781,-14.6719,1,1,18,"EX"
43,1,-8.0781,-14.6719,1,2,20,"EX"
43,1,-8.0781,-14.6719,1,3,40,"EX"
43,1,-8.0781,-14.6719,1,4,35,"EX"
43,1,-8.0781,-14.6719,2,1,27,"EX"
43,1,-8.0781,-14.6719,2,2,18,"EX"
43,1,-8.0781,-14.6719,2,3,41,"EX"
43,1,-8.0781,-14.6719,2,4,31,"EX"
44,1,-3.0781,-19.6719,1,1,17,"EX"
44,1,-3.0781,-19.6719,1,2,47,"EX"
44,1,-3.0781,-19.6719,1,3,48,"EX"
44,1,-3.0781,-19.6719,1,4,56,"EX"
44,1,-3.0781,-19.6719,2,1,23,"EX"
44,1,-3.0781,-19.6719,2,2,50,"EX"
44,1,-3.0781,-19.6719,2,3,49,"EX"
44,1,-3.0781,-19.6719,2,4,50,"EX"
45,2,-0.0780999999999992,4.32810000000001,1,1,45,"EX"
45,2,-0.0780999999999992,4.32810000000001,1,2,52,"EX"
45,2,-0.0780999999999992,4.32810000000001,1,3,55,"EX"
45,2,-0.0780999999999992,4.32810000000001,1,4,61,"EX"
45,2,-0.0780999999999992,4.32810000000001,2,1,54,"EX"
45,2,-0.0780999999999992,4.32810000000001,2,2,52,"EX"
45,2,-0.0780999999999992,4.32810000000001,2,3,56,"EX"
45,2,-0.0780999999999992,4.32810000000001,2,4,64,"EX"
46,1,6.9219,3.32810000000001,1,1,86,"EX"
46,1,6.9219,3.32810000000001,1,2,83,"EX"
46,1,6.9219,3.32810000000001,1,3,59,"EX"
46,1,6.9219,3.32810000000001,1,4,42,"EX"
46,1,6.9219,3.32810000000001,2,1,70,"EX"
46,1,6.9219,3.32810000000001,2,2,63,"EX"
46,1,6.9219,3.32810000000001,2,3,32,"EX"
46,1,6.9219,3.32810000000001,2,4,9,"EX"
47,1,2.9219,-15.6719,1,1,56,"EX"
47,1,2.9219,-15.6719,1,2,53,"EX"
47,1,2.9219,-15.6719,1,3,45,"EX"
47,1,2.9219,-15.6719,1,4,36,"EX"
47,1,2.9219,-15.6719,2,1,43,"EX"
47,1,2.9219,-15.6719,2,2,44,"EX"
47,1,2.9219,-15.6719,2,3,36,"EX"
47,1,2.9219,-15.6719,2,4,32,"EX"
48,1,9.9219,4.32810000000001,1,1,22,"EX"
48,1,9.9219,4.32810000000001,1,2,2,"EX"
48,1,9.9219,4.32810000000001,1,3,2,"EX"
48,1,9.9219,4.32810000000001,1,4,4,"EX"
48,1,9.9219,4.32810000000001,2,1,6,"EX"
48,1,9.9219,4.32810000000001,2,2,14,"EX"
48,1,9.9219,4.32810000000001,2,3,3,"EX"
48,1,9.9219,4.32810000000001,2,4,2,"EX"
49,1,10.9219,14.3281,1,1,56,"EX"
49,1,10.9219,14.3281,1,2,53,"EX"
49,1,10.9219,14.3281,1,3,58,"EX"
49,1,10.9219,14.3281,1,4,50,"EX"
49,1,10.9219,14.3281,2,1,66,"EX"
49,1,10.9219,14.3281,2,2,32,"EX"
49,1,10.9219,14.3281,2,3,64,"EX"
49,1,10.9219,14.3281,2,4,49,"EX"
50,2,-9.0781,-2.67189999999999,1,1,78,"EX"
50,2,-9.0781,-2.67189999999999,1,2,73,"EX"
50,2,-9.0781,-2.67189999999999,1,3,65,"EX"
50,2,-9.0781,-2.67189999999999,1,4,80,"EX"
50,2,-9.0781,-2.67189999999999,2,1,81,"EX"
50,2,-9.0781,-2.67189999999999,2,2,39,"EX"
50,2,-9.0781,-2.67189999999999,2,3,89,"EX"
50,2,-9.0781,-2.67189999999999,2,4,99,"EX"
51,2,-1.0781,-14.6719,1,1,86,"EX"
51,2,-1.0781,-14.6719,1,2,59,"EX"
51,2,-1.0781,-14.6719,1,3,45,"EX"
51,2,-1.0781,-14.6719,1,4,0,"EX"
51,2,-1.0781,-14.6719,2,1,6,"EX"
51,2,-1.0781,-14.6719,2,2,21,"EX"
51,2,-1.0781,-14.6719,2,3,9,"EX"
51,2,-1.0781,-14.6719,2,4,0,"EX"
52,2,-12.0781,-10.6719,1,1,70,"EX"
52,2,-12.0781,-10.6719,1,2,71,"EX"
52,2,-12.0781,-10.6719,1,3,74,"EX"
52,2,-12.0781,-10.6719,1,4,67,"EX"
52,2,-12.0781,-10.6719,2,1,30,"EX"
52,2,-12.0781,-10.6719,2,2,56,"EX"
52,2,-12.0781,-10.6719,2,3,69,"EX"
52,2,-12.0781,-10.6719,2,4,50,"EX"
53,2,-9.0781,-2.67189999999999,1,1,14,"EX"
53,2,-9.0781,-2.67189999999999,1,2,13,"EX"
53,2,-9.0781,-2.67189999999999,1,3,13,"EX"
53,2,-9.0781,-2.67189999999999,1,4,6,"EX"
53,2,-9.0781,-2.67189999999999,2,1,1,"EX"
53,2,-9.0781,-2.67189999999999,2,2,2,"EX"
53,2,-9.0781,-2.67189999999999,2,3,0,"EX"
53,2,-9.0781,-2.67189999999999,2,4,0,"EX"
54,1,19.9219,8.32810000000001,1,1,7,"EX"
54,1,19.9219,8.32810000000001,1,2,5,"EX"
54,1,19.9219,8.32810000000001,1,3,5,"EX"
54,1,19.9219,8.32810000000001,1,4,4,"EX"
54,1,19.9219,8.32810000000001,2,1,17,"EX"
54,1,19.9219,8.32810000000001,2,2,6,"EX"
54,1,19.9219,8.32810000000001,2,3,5,"EX"
54,1,19.9219,8.32810000000001,2,4,3,"EX"
55,2,-1.0781,-4.67189999999999,1,1,35,"EX"
55,2,-1.0781,-4.67189999999999,1,2,38,"EX"
55,2,-1.0781,-4.67189999999999,1,3,13,"EX"
55,2,-1.0781,-4.67189999999999,1,4,15,"EX"
55,2,-1.0781,-4.67189999999999,2,1,3,"EX"
55,2,-1.0781,-4.67189999999999,2,2,17,"EX"
55,2,-1.0781,-4.67189999999999,2,3,5,"EX"
55,2,-1.0781,-4.67189999999999,2,4,14,"EX"
56,2,33.9219,44.3281,1,1,9,"EX"
56,2,33.9219,44.3281,1,2,8,"EX"
56,2,33.9219,44.3281,1,3,3,"EX"
56,2,33.9219,44.3281,1,4,0,"EX"
56,2,33.9219,44.3281,2,1,14,"EX"
56,2,33.9219,44.3281,2,2,2,"EX"
56,2,33.9219,44.3281,2,3,0,"EX"
56,2,33.9219,44.3281,2,4,4,"EX"
57,1,-10.0781,-23.6719,1,1,6,"EX"
57,1,-10.0781,-23.6719,1,2,17,"EX"
57,1,-10.0781,-23.6719,1,3,88,"EX"
57,1,-10.0781,-23.6719,1,4,59,"EX"
57,1,-10.0781,-23.6719,2,1,30,"EX"
57,1,-10.0781,-23.6719,2,2,53,"EX"
57,1,-10.0781,-23.6719,2,3,38,"EX"
57,1,-10.0781,-23.6719,2,4,34,"EX"
58,1,12.9219,34.3281,1,1,70,"EX"
58,1,12.9219,34.3281,1,2,66,"EX"
58,1,12.9219,34.3281,1,3,55,"EX"
58,1,12.9219,34.3281,1,4,39,"EX"
58,1,12.9219,34.3281,2,1,53,"EX"
58,1,12.9219,34.3281,2,2,40,"EX"
58,1,12.9219,34.3281,2,3,38,"EX"
58,1,12.9219,34.3281,2,4,22,"EX"
59,1,-15.0781,-14.6719,1,1,0,"EX"
59,1,-15.0781,-14.6719,1,2,0,"EX"
59,1,-15.0781,-14.6719,1,3,0,"EX"
59,1,-15.0781,-14.6719,1,4,0,"EX"
59,1,-15.0781,-14.6719,2,1,0,"EX"
59,1,-15.0781,-14.6719,2,2,0,"EX"
59,1,-15.0781,-14.6719,2,3,0,"EX"
59,1,-15.0781,-14.6719,2,4,0,"EX"
60,2,-6.0781,0.328100000000006,1,1,54,"EX"
60,2,-6.0781,0.328100000000006,1,2,50,"EX"
60,2,-6.0781,0.328100000000006,1,3,21,"EX"
60,2,-6.0781,0.328100000000006,1,4,0,"EX"
60,2,-6.0781,0.328100000000006,2,1,53,"EX"
60,2,-6.0781,0.328100000000006,2,2,55,"EX"
60,2,-6.0781,0.328100000000006,2,3,22,"EX"
60,2,-6.0781,0.328100000000006,2,4,0,"EX"
61,2,-6.0781,4.32810000000001,1,1,5,"EX"
61,2,-6.0781,4.32810000000001,1,2,0,"EX"
61,2,-6.0781,4.32810000000001,1,3,6,"EX"
61,2,-6.0781,4.32810000000001,1,4,0,"EX"
61,2,-6.0781,4.32810000000001,2,1,4,"EX"
61,2,-6.0781,4.32810000000001,2,2,7,"EX"
61,2,-6.0781,4.32810000000001,2,3,3,"EX"
61,2,-6.0781,4.32810000000001,2,4,2,"EX"
62,1,8.9219,5.32810000000001,1,1,44,"EX"
62,1,8.9219,5.32810000000001,1,2,29,"EX"
62,1,8.9219,5.32810000000001,1,3,21,"EX"
62,1,8.9219,5.32810000000001,1,4,39,"EX"
62,1,8.9219,5.32810000000001,2,1,40,"EX"
62,1,8.9219,5.32810000000001,2,2,31,"EX"
62,1,8.9219,5.32810000000001,2,3,24,"EX"
62,1,8.9219,5.32810000000001,2,4,55,"EX"
63,2,0.921900000000001,38.3281,1,1,46,"EX"
63,2,0.921900000000001,38.3281,1,2,19,"EX"
63,2,0.921900000000001,38.3281,1,3,24,"EX"
63,2,0.921900000000001,38.3281,1,4,42,"EX"
63,2,0.921900000000001,38.3281,2,1,21,"EX"
63,2,0.921900000000001,38.3281,2,2,19,"EX"
63,2,0.921900000000001,38.3281,2,3,29,"EX"
63,2,0.921900000000001,38.3281,2,4,32,"EX"
64,1,-5.0781,0.328100000000006,1,1,26,"EX"
64,1,-5.0781,0.328100000000006,1,2,6,"EX"
64,1,-5.0781,0.328100000000006,1,3,3,"EX"
64,1,-5.0781,0.328100000000006,1,4,5,"EX"
64,1,-5.0781,0.328100000000006,2,1,0,"EX"
64,1,-5.0781,0.328100000000006,2,2,2,"EX"
64,1,-5.0781,0.328100000000006,2,3,1,"EX"
64,1,-5.0781,0.328100000000006,2,4,0,"EX"
65,1,-3.0781,-21.6719,1,1,52,"EX"
65,1,-3.0781,-21.6719,1,2,64,"EX"
65,1,-3.0781,-21.6719,1,3,69,"EX"
65,1,-3.0781,-21.6719,1,4,62,"EX"
65,1,-3.0781,-21.6719,2,1,41,"EX"
65,1,-3.0781,-21.6719,2,2,43,"EX"
65,1,-3.0781,-21.6719,2,3,50,"EX"
65,1,-3.0781,-21.6719,2,4,35,"EX"
66,2,-6.0781,-6.67189999999999,1,1,78,"EX"
66,2,-6.0781,-6.67189999999999,1,2,81,"EX"
66,2,-6.0781,-6.67189999999999,1,3,63,"EX"
66,2,-6.0781,-6.67189999999999,1,4,77,"EX"
66,2,-6.0781,-6.67189999999999,2,1,79,"EX"
66,2,-6.0781,-6.67189999999999,2,2,78,"EX"
66,2,-6.0781,-6.67189999999999,2,3,68,"EX"
66,2,-6.0781,-6.67189999999999,2,4,76,"EX"
1,2,0.921900000000001,17.3281,1,1,1,"REEX"
1,2,0.921900000000001,17.3281,2,1,0,"REEX"
2,1,-12.0781,-31.6719,1,1,10,"REEX"
2,1,-12.0781,-31.6719,2,1,53,"REEX"
3,2,-1.0781,-24.6719,1,1,0,"REEX"
3,2,-1.0781,-24.6719,2,1,0,"REEX"
4,1,5.9219,-9.67189999999999,1,1,0,"REEX"
4,1,5.9219,-9.67189999999999,2,1,49,"REEX"
5,2,-2.0781,-19.6719,1,1,38,"REEX"
5,2,-2.0781,-19.6719,2,1,50,"REEX"
6,1,1.9219,4.32810000000001,1,1,53,"REEX"
6,1,1.9219,4.32810000000001,2,1,38,"REEX"
7,2,-6.0781,2.32810000000001,1,1,0,"REEX"
7,2,-6.0781,2.32810000000001,2,1,0,"REEX"
8,1,-2.0781,2.32810000000001,1,1,12,"REEX"
8,1,-2.0781,2.32810000000001,2,1,11,"REEX"
9,1,-14.0781,15.3281,1,1,0,"REEX"
9,1,-14.0781,15.3281,2,1,0,"REEX"
10,2,-15.0781,-24.6719,1,1,36,"REEX"
10,2,-15.0781,-24.6719,2,1,45,"REEX"
11,2,11.9219,18.3281,1,1,76,"REEX"
11,2,11.9219,18.3281,2,1,78,"REEX"
12,2,-3.0781,17.3281,1,1,58,"REEX"
12,2,-3.0781,17.3281,2,1,70,"REEX"
13,2,-1.0781,10.3281,1,1,24,"REEX"
13,2,-1.0781,10.3281,2,1,22,"REEX"
14,1,-2.0781,-10.6719,1,1,15,"REEX"
14,1,-2.0781,-10.6719,2,1,5,"REEX"
15,2,11.9219,8.32810000000001,1,1,0,"REEX"
15,2,11.9219,8.32810000000001,2,1,0,"REEX"
16,1,2.9219,12.3281,1,1,59,"REEX"
16,1,2.9219,12.3281,2,1,61,"REEX"
17,1,-1.0781,18.3281,1,1,15,"REEX"
17,1,-1.0781,18.3281,2,1,0,"REEX"
20,1,6.9219,30.3281,1,1,24,"REEX"
20,1,6.9219,30.3281,2,1,12,"REEX"
21,2,-8.0781,-10.6719,1,1,70,"REEX"
21,2,-8.0781,-10.6719,2,1,63,"REEX"
22,2,-10.0781,-22.6719,1,1,21,"REEX"
22,2,-10.0781,-22.6719,2,1,0,"REEX"
23,2,-9.0781,-25.6719,1,1,74,"REEX"
23,2,-9.0781,-25.6719,2,1,73,"REEX"
24,1,6.9219,2.32810000000001,1,1,0,"REEX"
24,1,6.9219,2.32810000000001,2,1,3,"REEX"
25,1,-9.0781,-6.67189999999999,1,1,44,"REEX"
25,1,-9.0781,-6.67189999999999,2,1,30,"REEX"
26,2,9.9219,19.3281,1,1,0,"REEX"
26,2,9.9219,19.3281,2,1,0,"REEX"
27,1,-8.0781,-0.671899999999994,1,1,64,"REEX"
27,1,-8.0781,-0.671899999999994,2,1,45,"REEX"
28,1,-0.0780999999999992,12.3281,1,1,0,"REEX"
28,1,-0.0780999999999992,12.3281,2,1,8,"REEX"
29,2,3.9219,-19.6719,1,1,0,"REEX"
29,2,3.9219,-19.6719,2,1,0,"REEX"
30,2,-8.0781,-12.6719,1,1,11,"REEX"
30,2,-8.0781,-12.6719,2,1,15,"REEX"
31,1,-9.0781,-11.6719,1,1,43,"REEX"
31,1,-9.0781,-11.6719,2,1,40,"REEX"
32,2,-4.0781,-15.6719,1,1,60,"REEX"
32,2,-4.0781,-15.6719,2,1,42,"REEX"
33,1,20.9219,13.3281,1,1,26,"REEX"
33,1,20.9219,13.3281,2,1,28,"REEX"
34,1,-12.0781,12.3281,1,1,27,"REEX"
34,1,-12.0781,12.3281,2,1,NA,"REEX"
35,1,20.9219,14.3281,1,1,56,"REEX"
35,1,20.9219,14.3281,2,1,69,"REEX"
36,1,8.9219,-1.67189999999999,1,1,58,"REEX"
36,1,8.9219,-1.67189999999999,2,1,74,"REEX"
37,2,2.9219,23.3281,1,1,68,"REEX"
37,2,2.9219,23.3281,2,1,49,"REEX"
38,2,-3.0781,23.3281,1,1,31,"REEX"
38,2,-3.0781,23.3281,2,1,23,"REEX"
39,1,11.9219,-1.67189999999999,1,1,51,"REEX"
39,1,11.9219,-1.67189999999999,2,1,49,"REEX"
40,2,0.921900000000001,-14.6719,1,1,44,"REEX"
40,2,0.921900000000001,-14.6719,2,1,NA,"REEX"
41,2,-5.0781,-16.6719,1,1,0,"REEX"
41,2,-5.0781,-16.6719,2,1,0,"REEX"
42,2,3.9219,-5.67189999999999,1,1,0,"REEX"
42,2,3.9219,-5.67189999999999,2,1,0,"REEX"
43,1,-8.0781,-14.6719,1,1,29,"REEX"
43,1,-8.0781,-14.6719,2,1,32,"REEX"
44,1,-3.0781,-19.6719,1,1,54,"REEX"
44,1,-3.0781,-19.6719,2,1,37,"REEX"
45,2,-0.0780999999999992,4.32810000000001,1,1,55,"REEX"
45,2,-0.0780999999999992,4.32810000000001,2,1,59,"REEX"
46,1,6.9219,3.32810000000001,1,1,71,"REEX"
46,1,6.9219,3.32810000000001,2,1,29,"REEX"
47,1,2.9219,-15.6719,1,1,NA,"REEX"
47,1,2.9219,-15.6719,2,1,27,"REEX"
48,1,9.9219,4.32810000000001,1,1,6,"REEX"
48,1,9.9219,4.32810000000001,2,1,9,"REEX"
49,1,10.9219,14.3281,1,1,46,"REEX"
49,1,10.9219,14.3281,2,1,36,"REEX"
50,2,-9.0781,-2.67189999999999,1,1,60,"REEX"
50,2,-9.0781,-2.67189999999999,2,1,64,"REEX"
51,2,-1.0781,-14.6719,1,1,0,"REEX"
51,2,-1.0781,-14.6719,2,1,0,"REEX"
52,2,-12.0781,-10.6719,1,1,68,"REEX"
52,2,-12.0781,-10.6719,2,1,60,"REEX"
53,2,-9.0781,-2.67189999999999,1,1,0,"REEX"
53,2,-9.0781,-2.67189999999999,2,1,0,"REEX"
54,1,19.9219,8.32810000000001,1,1,2,"REEX"
54,1,19.9219,8.32810000000001,2,1,5,"REEX"
55,2,-1.0781,-4.67189999999999,1,1,28,"REEX"
55,2,-1.0781,-4.67189999999999,2,1,4,"REEX"
56,2,33.9219,44.3281,1,1,0,"REEX"
56,2,33.9219,44.3281,2,1,10,"REEX"
57,1,-10.0781,-23.6719,1,1,61,"REEX"
57,1,-10.0781,-23.6719,2,1,50,"REEX"
58,1,12.9219,34.3281,1,1,66,"REEX"
58,1,12.9219,34.3281,2,1,47,"REEX"
59,1,-15.0781,-14.6719,1,1,1,"REEX"
59,1,-15.0781,-14.6719,2,1,0,"REEX"
60,2,-6.0781,0.328100000000006,1,1,0,"REEX"
60,2,-6.0781,0.328100000000006,2,1,0,"REEX"
61,2,-6.0781,4.32810000000001,1,1,0,"REEX"
61,2,-6.0781,4.32810000000001,2,1,0,"REEX"
62,1,8.9219,5.32810000000001,1,1,69,"REEX"
62,1,8.9219,5.32810000000001,2,1,69,"REEX"
63,2,0.921900000000001,38.3281,1,1,40,"REEX"
63,2,0.921900000000001,38.3281,2,1,32,"REEX"
64,1,-5.0781,0.328100000000006,1,1,0,"REEX"
64,1,-5.0781,0.328100000000006,2,1,0,"REEX"
65,1,-3.0781,-21.6719,1,1,35,"REEX"
65,1,-3.0781,-21.6719,2,1,33,"REEX"
66,2,-6.0781,-6.67189999999999,1,1,74,"REEX"
66,2,-6.0781,-6.67189999999999,2,1,75,"REEX"
1,2,0.921900000000001,17.3281,1,1,NA,"REIN"
1,2,0.921900000000001,17.3281,1,2,0,"REIN"
1,2,0.921900000000001,17.3281,2,1,0,"REIN"
1,2,0.921900000000001,17.3281,2,2,0,"REIN"
2,1,-12.0781,-31.6719,1,1,0,"REIN"
2,1,-12.0781,-31.6719,1,2,0,"REIN"
2,1,-12.0781,-31.6719,2,1,39,"REIN"
2,1,-12.0781,-31.6719,2,2,45,"REIN"
3,2,-1.0781,-24.6719,1,1,20,"REIN"
3,2,-1.0781,-24.6719,1,2,2,"REIN"
3,2,-1.0781,-24.6719,2,1,22,"REIN"
3,2,-1.0781,-24.6719,2,2,4,"REIN"
4,1,5.9219,-9.67189999999999,1,1,0,"REIN"
4,1,5.9219,-9.67189999999999,1,2,0,"REIN"
4,1,5.9219,-9.67189999999999,2,1,NA,"REIN"
4,1,5.9219,-9.67189999999999,2,2,39,"REIN"
5,2,-2.0781,-19.6719,1,1,50,"REIN"
5,2,-2.0781,-19.6719,1,2,50,"REIN"
5,2,-2.0781,-19.6719,2,1,47,"REIN"
5,2,-2.0781,-19.6719,2,2,50,"REIN"
6,1,1.9219,4.32810000000001,1,1,62,"REIN"
6,1,1.9219,4.32810000000001,1,2,60,"REIN"
6,1,1.9219,4.32810000000001,2,1,75,"REIN"
6,1,1.9219,4.32810000000001,2,2,52,"REIN"
7,2,-6.0781,2.32810000000001,1,1,49,"REIN"
7,2,-6.0781,2.32810000000001,1,2,0,"REIN"
7,2,-6.0781,2.32810000000001,2,1,49,"REIN"
7,2,-6.0781,2.32810000000001,2,2,0,"REIN"
8,1,-2.0781,2.32810000000001,1,1,22,"REIN"
8,1,-2.0781,2.32810000000001,1,2,11,"REIN"
8,1,-2.0781,2.32810000000001,2,1,32,"REIN"
8,1,-2.0781,2.32810000000001,2,2,11,"REIN"
9,1,-14.0781,15.3281,1,1,55,"REIN"
9,1,-14.0781,15.3281,1,2,1,"REIN"
9,1,-14.0781,15.3281,2,1,NA,"REIN"
9,1,-14.0781,15.3281,2,2,4,"REIN"
10,2,-15.0781,-24.6719,1,1,62,"REIN"
10,2,-15.0781,-24.6719,1,2,29,"REIN"
10,2,-15.0781,-24.6719,2,1,62,"REIN"
10,2,-15.0781,-24.6719,2,2,34,"REIN"
11,2,11.9219,18.3281,1,1,92,"REIN"
11,2,11.9219,18.3281,1,2,79,"REIN"
11,2,11.9219,18.3281,2,1,34,"REIN"
11,2,11.9219,18.3281,2,2,75,"REIN"
12,2,-3.0781,17.3281,1,1,63,"REIN"
12,2,-3.0781,17.3281,1,2,52,"REIN"
12,2,-3.0781,17.3281,2,1,NA,"REIN"
12,2,-3.0781,17.3281,2,2,67,"REIN"
13,2,-1.0781,10.3281,1,1,50,"REIN"
13,2,-1.0781,10.3281,1,2,26,"REIN"
13,2,-1.0781,10.3281,2,1,39,"REIN"
13,2,-1.0781,10.3281,2,2,24,"REIN"
14,1,-2.0781,-10.6719,1,1,65,"REIN"
14,1,-2.0781,-10.6719,1,2,7,"REIN"
14,1,-2.0781,-10.6719,2,1,68,"REIN"
14,1,-2.0781,-10.6719,2,2,10,"REIN"
15,2,11.9219,8.32810000000001,1,1,NA,"REIN"
15,2,11.9219,8.32810000000001,1,2,32,"REIN"
15,2,11.9219,8.32810000000001,2,1,20,"REIN"
15,2,11.9219,8.32810000000001,2,2,10,"REIN"
16,1,2.9219,12.3281,1,1,74,"REIN"
16,1,2.9219,12.3281,1,2,60,"REIN"
16,1,2.9219,12.3281,2,1,70,"REIN"
16,1,2.9219,12.3281,2,2,64,"REIN"
17,1,-1.0781,18.3281,1,1,66,"REIN"
17,1,-1.0781,18.3281,1,2,25,"REIN"
17,1,-1.0781,18.3281,2,1,4,"REIN"
17,1,-1.0781,18.3281,2,2,0,"REIN"
20,1,6.9219,30.3281,1,1,87,"REIN"
20,1,6.9219,30.3281,1,2,41,"REIN"
20,1,6.9219,30.3281,2,1,75,"REIN"
20,1,6.9219,30.3281,2,2,30,"REIN"
21,2,-8.0781,-10.6719,1,1,82,"REIN"
21,2,-8.0781,-10.6719,1,2,73,"REIN"
21,2,-8.0781,-10.6719,2,1,75,"REIN"
21,2,-8.0781,-10.6719,2,2,56,"REIN"
22,2,-10.0781,-22.6719,1,1,17,"REIN"
22,2,-10.0781,-22.6719,1,2,17,"REIN"
22,2,-10.0781,-22.6719,2,1,NA,"REIN"
22,2,-10.0781,-22.6719,2,2,6,"REIN"
23,2,-9.0781,-25.6719,1,1,81,"REIN"
23,2,-9.0781,-25.6719,1,2,65,"REIN"
23,2,-9.0781,-25.6719,2,1,82,"REIN"
23,2,-9.0781,-25.6719,2,2,66,"REIN"
24,1,6.9219,2.32810000000001,1,1,33,"REIN"
24,1,6.9219,2.32810000000001,1,2,7,"REIN"
24,1,6.9219,2.32810000000001,2,1,NA,"REIN"
24,1,6.9219,2.32810000000001,2,2,7,"REIN"
25,1,-9.0781,-6.67189999999999,1,1,73,"REIN"
25,1,-9.0781,-6.67189999999999,1,2,55,"REIN"
25,1,-9.0781,-6.67189999999999,2,1,75,"REIN"
25,1,-9.0781,-6.67189999999999,2,2,49,"REIN"
26,2,9.9219,19.3281,1,1,64,"REIN"
26,2,9.9219,19.3281,1,2,11,"REIN"
26,2,9.9219,19.3281,2,1,12,"REIN"
26,2,9.9219,19.3281,2,2,9,"REIN"
27,1,-8.0781,-0.671899999999994,1,1,24,"REIN"
27,1,-8.0781,-0.671899999999994,1,2,51,"REIN"
27,1,-8.0781,-0.671899999999994,2,1,23,"REIN"
27,1,-8.0781,-0.671899999999994,2,2,32,"REIN"
28,1,-0.0780999999999992,12.3281,1,1,52,"REIN"
28,1,-0.0780999999999992,12.3281,1,2,NA,"REIN"
28,1,-0.0780999999999992,12.3281,2,1,NA,"REIN"
28,1,-0.0780999999999992,12.3281,2,2,0,"REIN"
29,2,3.9219,-19.6719,1,1,45,"REIN"
29,2,3.9219,-19.6719,1,2,0,"REIN"
29,2,3.9219,-19.6719,2,1,77,"REIN"
29,2,3.9219,-19.6719,2,2,0,"REIN"
30,2,-8.0781,-12.6719,1,1,46,"REIN"
30,2,-8.0781,-12.6719,1,2,25,"REIN"
30,2,-8.0781,-12.6719,2,1,52,"REIN"
30,2,-8.0781,-12.6719,2,2,36,"REIN"
31,1,-9.0781,-11.6719,1,1,46,"REIN"
31,1,-9.0781,-11.6719,1,2,37,"REIN"
31,1,-9.0781,-11.6719,2,1,46,"REIN"
31,1,-9.0781,-11.6719,2,2,38,"REIN"
32,2,-4.0781,-15.6719,1,1,52,"REIN"
32,2,-4.0781,-15.6719,1,2,12,"REIN"
32,2,-4.0781,-15.6719,2,1,84,"REIN"
32,2,-4.0781,-15.6719,2,2,38,"REIN"
33,1,20.9219,13.3281,1,1,78,"REIN"
33,1,20.9219,13.3281,1,2,NA,"REIN"
33,1,20.9219,13.3281,2,1,50,"REIN"
33,1,20.9219,13.3281,2,2,74,"REIN"
34,1,-12.0781,12.3281,1,1,55,"REIN"
34,1,-12.0781,12.3281,1,2,41,"REIN"
34,1,-12.0781,12.3281,2,1,50,"REIN"
34,1,-12.0781,12.3281,2,2,41,"REIN"
35,1,20.9219,14.3281,1,1,NA,"REIN"
35,1,20.9219,14.3281,1,2,92,"REIN"
35,1,20.9219,14.3281,2,1,52,"REIN"
35,1,20.9219,14.3281,2,2,79,"REIN"
36,1,8.9219,-1.67189999999999,1,1,85,"REIN"
36,1,8.9219,-1.67189999999999,1,2,9,"REIN"
36,1,8.9219,-1.67189999999999,2,1,84,"REIN"
36,1,8.9219,-1.67189999999999,2,2,9,"REIN"
37,2,2.9219,23.3281,1,1,86,"REIN"
37,2,2.9219,23.3281,1,2,78,"REIN"
37,2,2.9219,23.3281,2,1,90,"REIN"
37,2,2.9219,23.3281,2,2,81,"REIN"
38,2,-3.0781,23.3281,1,1,22,"REIN"
38,2,-3.0781,23.3281,1,2,23,"REIN"
38,2,-3.0781,23.3281,2,1,21,"REIN"
38,2,-3.0781,23.3281,2,2,24,"REIN"
39,1,11.9219,-1.67189999999999,1,1,72,"REIN"
39,1,11.9219,-1.67189999999999,1,2,63,"REIN"
39,1,11.9219,-1.67189999999999,2,1,74,"REIN"
39,1,11.9219,-1.67189999999999,2,2,61,"REIN"
40,2,0.921900000000001,-14.6719,1,1,78,"REIN"
40,2,0.921900000000001,-14.6719,1,2,39,"REIN"
40,2,0.921900000000001,-14.6719,2,1,93,"REIN"
40,2,0.921900000000001,-14.6719,2,2,61,"REIN"
41,2,-5.0781,-16.6719,1,1,5,"REIN"
41,2,-5.0781,-16.6719,1,2,0,"REIN"
41,2,-5.0781,-16.6719,2,1,4,"REIN"
41,2,-5.0781,-16.6719,2,2,0,"REIN"
42,2,3.9219,-5.67189999999999,1,1,31,"REIN"
42,2,3.9219,-5.67189999999999,1,2,49,"REIN"
42,2,3.9219,-5.67189999999999,2,1,55,"REIN"
42,2,3.9219,-5.67189999999999,2,2,42,"REIN"
43,1,-8.0781,-14.6719,1,1,2,"REIN"
43,1,-8.0781,-14.6719,1,2,21,"REIN"
43,1,-8.0781,-14.6719,2,1,18,"REIN"
43,1,-8.0781,-14.6719,2,2,15,"REIN"
44,1,-3.0781,-19.6719,1,1,17,"REIN"
44,1,-3.0781,-19.6719,1,2,14,"REIN"
44,1,-3.0781,-19.6719,2,1,13,"REIN"
44,1,-3.0781,-19.6719,2,2,20,"REIN"
45,2,-0.0780999999999992,4.32810000000001,1,1,89,"REIN"
45,2,-0.0780999999999992,4.32810000000001,1,2,68,"REIN"
45,2,-0.0780999999999992,4.32810000000001,2,1,75,"REIN"
45,2,-0.0780999999999992,4.32810000000001,2,2,72,"REIN"
46,1,6.9219,3.32810000000001,1,1,92,"REIN"
46,1,6.9219,3.32810000000001,1,2,55,"REIN"
46,1,6.9219,3.32810000000001,2,1,71,"REIN"
46,1,6.9219,3.32810000000001,2,2,39,"REIN"
47,1,2.9219,-15.6719,1,1,60,"REIN"
47,1,2.9219,-15.6719,1,2,39,"REIN"
47,1,2.9219,-15.6719,2,1,59,"REIN"
47,1,2.9219,-15.6719,2,2,38,"REIN"
48,1,9.9219,4.32810000000001,1,1,NA,"REIN"
48,1,9.9219,4.32810000000001,1,2,20,"REIN"
48,1,9.9219,4.32810000000001,2,1,49,"REIN"
48,1,9.9219,4.32810000000001,2,2,21,"REIN"
49,1,10.9219,14.3281,1,1,58,"REIN"
49,1,10.9219,14.3281,1,2,32,"REIN"
49,1,10.9219,14.3281,2,1,63,"REIN"
49,1,10.9219,14.3281,2,2,34,"REIN"
50,2,-9.0781,-2.67189999999999,1,1,99,"REIN"
50,2,-9.0781,-2.67189999999999,1,2,46,"REIN"
50,2,-9.0781,-2.67189999999999,2,1,100,"REIN"
50,2,-9.0781,-2.67189999999999,2,2,47,"REIN"
51,2,-1.0781,-14.6719,1,1,NA,"REIN"
51,2,-1.0781,-14.6719,1,2,6,"REIN"
51,2,-1.0781,-14.6719,2,1,35,"REIN"
51,2,-1.0781,-14.6719,2,2,3,"REIN"
52,2,-12.0781,-10.6719,1,1,52,"REIN"
52,2,-12.0781,-10.6719,1,2,35,"REIN"
52,2,-12.0781,-10.6719,2,1,25,"REIN"
52,2,-12.0781,-10.6719,2,2,10,"REIN"
53,2,-9.0781,-2.67189999999999,1,1,15,"REIN"
53,2,-9.0781,-2.67189999999999,1,2,0,"REIN"
53,2,-9.0781,-2.67189999999999,2,1,11,"REIN"
53,2,-9.0781,-2.67189999999999,2,2,0,"REIN"
54,1,19.9219,8.32810000000001,1,1,11,"REIN"
54,1,19.9219,8.32810000000001,1,2,3,"REIN"
54,1,19.9219,8.32810000000001,2,1,12,"REIN"
54,1,19.9219,8.32810000000001,2,2,7,"REIN"
55,2,-1.0781,-4.67189999999999,1,1,5,"REIN"
55,2,-1.0781,-4.67189999999999,1,2,5,"REIN"
55,2,-1.0781,-4.67189999999999,2,1,2,"REIN"
55,2,-1.0781,-4.67189999999999,2,2,3,"REIN"
56,2,33.9219,44.3281,1,1,0,"REIN"
56,2,33.9219,44.3281,1,2,0,"REIN"
56,2,33.9219,44.3281,2,1,0,"REIN"
56,2,33.9219,44.3281,2,2,1,"REIN"
57,1,-10.0781,-23.6719,1,1,60,"REIN"
57,1,-10.0781,-23.6719,1,2,70,"REIN"
57,1,-10.0781,-23.6719,2,1,66,"REIN"
57,1,-10.0781,-23.6719,2,2,64,"REIN"
58,1,12.9219,34.3281,1,1,67,"REIN"
58,1,12.9219,34.3281,1,2,55,"REIN"
58,1,12.9219,34.3281,2,1,71,"REIN"
58,1,12.9219,34.3281,2,2,NA,"REIN"
59,1,-15.0781,-14.6719,1,1,0,"REIN"
59,1,-15.0781,-14.6719,1,2,0,"REIN"
59,1,-15.0781,-14.6719,2,1,0,"REIN"
59,1,-15.0781,-14.6719,2,2,0,"REIN"
60,2,-6.0781,0.328100000000006,1,1,48,"REIN"
60,2,-6.0781,0.328100000000006,1,2,22,"REIN"
60,2,-6.0781,0.328100000000006,2,1,75,"REIN"
60,2,-6.0781,0.328100000000006,2,2,28,"REIN"
61,2,-6.0781,4.32810000000001,1,1,8,"REIN"
61,2,-6.0781,4.32810000000001,1,2,0,"REIN"
61,2,-6.0781,4.32810000000001,2,1,9,"REIN"
61,2,-6.0781,4.32810000000001,2,2,0,"REIN"
62,1,8.9219,5.32810000000001,1,1,67,"REIN"
62,1,8.9219,5.32810000000001,1,2,49,"REIN"
62,1,8.9219,5.32810000000001,2,1,60,"REIN"
62,1,8.9219,5.32810000000001,2,2,50,"REIN"
63,2,0.921900000000001,38.3281,1,1,62,"REIN"
63,2,0.921900000000001,38.3281,1,2,67,"REIN"
63,2,0.921900000000001,38.3281,2,1,63,"REIN"
63,2,0.921900000000001,38.3281,2,2,61,"REIN"
64,1,-5.0781,0.328100000000006,1,1,7,"REIN"
64,1,-5.0781,0.328100000000006,1,2,0,"REIN"
64,1,-5.0781,0.328100000000006,2,1,0,"REIN"
64,1,-5.0781,0.328100000000006,2,2,0,"REIN"
65,1,-3.0781,-21.6719,1,1,69,"REIN"
65,1,-3.0781,-21.6719,1,2,27,"REIN"
65,1,-3.0781,-21.6719,2,1,62,"REIN"
65,1,-3.0781,-21.6719,2,2,18,"REIN"
66,2,-6.0781,-6.67189999999999,1,1,75,"REIN"
66,2,-6.0781,-6.67189999999999,1,2,69,"REIN"
66,2,-6.0781,-6.67189999999999,2,1,81,"REIN"
66,2,-6.0781,-6.67189999999999,2,2,69,"REIN"
